number_x_peptides,protein,gene,sp|P0DOG7|PB2S1_I18A0,sp|Q3HM39|PA_I18A0,sp|Q3HM40|RDRP_I18A0,sp|Q3HM41|PB2_I18A0,sp|Q5UEW0|NCAP_I18A0,sp|Q8BAC3|M1_I18A0,sp|Q99AU3|NS1_I18A0,sp|Q9IGQ6|NRAM_I18A0,sp|Q9WFX3|HEMA_I18A0
2617,A6H8Y1,BDP1,0,0,0,0,0,0,0,QDATSV,0
134,P01036,CYTS,0,0,0,0,0,AGALAS,0,0,0
552,P02748,CO9,0,LGGLYE,0,0,0,0,0,0,0
412,P11464,PSG1,0,0,0,0,0,0,0,0,LLLTAS
519,P13688,CEAM1,0,0,0,0,0,0,0,0,LLLTAS
1326,P47989,XDH,0,0,0,LLSPEE,0,0,0,LKIEKG,0
486,P78385,KRT83,0,0,0,0,0,0,LGLDIE,0,0
495,Q6GTS8,P20D1,0,0,0,0,VLSAFD,0,0,0,0
360,Q8WW27,ABEC4,0,LRSLAS,0,0,0,0,0,0,0
14501,Q8WXI7,MUC16,RISSSF,0,"TTNTET,TASLSP",RISSSF,SSTLEL,0,0,0,0
551,Q96SF2,TCPQM,ATAILR,0,0,ATAILR,0,0,0,0,0
692,Q9H720,PG2IP,0,0,0,0,0,0,0,"IITIGS,ITIGSI",0
3668,Q9NRC6,SPTN5,LERELV,0,0,LERELV,0,0,0,0,0
94249,total,,3.0,2.0,2.0,4.0,2.0,1.0,1.0,4.0,2.0
