number_x_peptides,protein,gene,sp|P0C574|PB1F2_I18A0,sp|P0CK68|PAX_I18A0,sp|P0DOG7|PB2S1_I18A0,sp|Q3HM39|PA_I18A0,sp|Q3HM40|RDRP_I18A0,sp|Q3HM41|PB2_I18A0,sp|Q5UEW0|NCAP_I18A0,sp|Q77IX1|NEP_I18A0,sp|Q8BAC3|M1_I18A0,sp|Q8BAC4|M2_I18A0,sp|Q99AU3|NS1_I18A0,sp|Q9IGQ6|NRAM_I18A0,sp|Q9WFX3|HEMA_I18A0
543,A0A087X179,TBC3E,0,0,0,0,0,0,0,0,0,0,VPASR,0,0
327,A0A1B0GTS1,HSFX4,0,0,0,NLYGF,0,0,0,0,0,0,0,0,0
259,A0A1B0GVN3,CB092,0,0,0,0,0,0,0,0,0,0,0,0,LREQL
272,A6NDY0,EPAB2,0,0,0,0,0,LLSPE,0,0,0,0,0,0,0
281,A6NJI9,LRC72,0,0,0,0,0,0,0,0,0,0,0,0,SLYQN
2257,A6NMZ7,CO6A6,0,0,0,0,"FLEES,LLIDG,EKLEQ",0,GGNTN,0,"MAGSS,QAAEA,GPLKA",0,0,SCPVG,0
844,A6PVC2,TTLL8,0,0,0,0,0,0,0,0,0,0,0,0,GLRNI
619,A6PVS8,LRIQ3,PVSLK,YLEKA,0,YLEKA,MKLRT,0,0,0,0,0,0,0,"LKNNA,NERTL"
349,A8MTJ3,GNAT3,0,NSICN,0,NSICN,0,0,0,0,0,0,0,0,0
678,A8MX76,CAN14,0,0,0,LEPGT,0,0,0,0,0,0,0,0,0
416,B2RXF5,ZBT42,0,0,0,0,0,0,YEGRL,0,0,0,0,0,0
708,B2RXH4,BTBDI,0,0,"EAQDV,GTCWE",0,0,"EAQDV,GTCWE",0,0,0,0,0,0,0
208,H7C241,CLD34,0,0,0,0,0,0,0,0,0,CIYRR,0,0,LLTAS
378,O00590,ACKR2,0,0,0,0,0,SSILT,0,0,0,0,0,0,0
145,O14960,LECT2,0,0,0,0,0,0,0,0,0,DSSDP,0,0,0
1199,O15072,ATS3,0,0,0,0,0,0,RMCNI,0,0,0,0,0,0
108,O15130,NPFF,0,0,0,0,LLIDG,0,0,0,0,0,0,0,"LLVLL,LLVLL"
523,O75310,UDB11,0,0,0,0,ATALA,0,0,0,0,0,0,GANGI,0
135,P01036,CYTS,0,0,0,0,0,YNKAT,0,0,"AGALA,GALAS",0,0,0,0
160,P01579,IFNG,0,0,0,0,0,0,0,0,0,0,KEESD,0,0
1481,P02458,CO2A1,0,0,0,0,0,0,GAAGA,0,0,0,0,GANGI,0
341,P02750,A2GL,0,0,0,0,0,VLGKD,0,0,0,0,0,GSSIS,0
589,P03372,ESR1,0,0,0,0,"NEPSG,EPSGY",0,0,0,0,0,0,0,0
519,P04196,HRG,0,0,0,0,ALANT,0,0,0,0,0,0,0,SSVSS
509,P05177,CP1A2,0,0,0,0,0,0,YLEEH,0,QNALN,0,0,IRIGS,0
409,P05543,THBG,0,0,0,0,0,0,0,0,0,0,0,LQIGN,LVLLV
543,P0C7X1,TBC3H,0,0,0,0,0,0,0,0,0,0,VPASR,0,0
111,P0CL80,GG12F,0,0,0,0,0,0,ASAGQ,0,0,0,0,0,0
490,P0DJD3,RBY1A,0,0,0,PSHEG,0,0,0,0,0,KRGPS,0,SSRSG,0
635,P10242,MYB,0,0,RIKEL,RSLAS,0,RIKEL,0,0,0,0,0,0,0
396,P14091,CATE,0,0,0,0,0,0,0,0,0,0,0,0,"LLVLL,LLVLL,LVLLE"
1037,P15918,RAG1,0,0,0,0,0,0,0,0,ILSPL,0,0,0,0
349,P19087,GNAT2,0,NSICN,0,NSICN,0,0,0,0,0,0,0,0,0
245,P20160,CAP7,0,0,0,0,0,RLTVL,0,0,0,0,0,0,NVTVT
159,P20382,MCH,0,0,0,0,RLGKG,0,0,0,0,0,0,0,0
139,P22749,GNLY,0,0,0,0,0,0,0,0,0,0,0,0,LLGNP
349,P27169,PON1,0,0,0,0,0,0,0,0,0,0,0,0,STVAS
248,P31213,S5A2,0,0,0,0,ELPSF,0,LILRG,0,0,0,0,0,0
666,P31639,SC5A2,0,0,0,0,0,0,0,0,0,LVIAA,LIGGL,0,0
485,P33260,CP2CI,0,0,ERIKE,0,0,ERIKE,0,0,0,0,0,0,0
528,P35503,UD13,0,0,0,0,0,0,0,0,0,0,0,0,"MATGL,LRNIP"
522,P36537,UDB10,0,0,0,0,ATALA,0,DSSTL,0,0,0,0,GANGI,0
307,P55916,UCP3,0,0,DCMIK,0,0,DCMIK,0,0,0,0,0,0,0
185,P59773,K102L,0,0,MYTPG,0,0,MYTPG,0,0,0,0,0,0,0
470,P59826,BPIB3,0,0,0,0,0,FLRVR,0,0,0,0,0,0,"LVSLG,VSLGA"
515,Q01113,IL9R,0,0,0,0,0,0,ILRGS,0,0,0,0,NNILR,0
1333,Q06278,AOXA,0,ALLKH,0,ALLKH,TIEEL,TKRIR,0,0,0,0,0,QDIVA,0
279,Q06520,ST2A1,0,KTLEP,0,0,0,0,0,0,0,0,0,0,0
431,Q14209,E2F2,0,0,CSSPL,0,0,0,0,0,0,0,0,0,0
208,Q147U7,SMCO1,0,0,0,0,0,0,0,0,0,0,0,IEKGK,0
338,Q1HG43,DOXA1,0,KTRLF,0,KTRLF,0,0,0,0,0,0,0,0,0
705,Q53GD3,CTL4,0,0,RNIVR,0,0,RNIVR,0,0,0,0,0,0,0
941,Q58F21,BRDT,0,0,0,KLSQM,0,0,QTAAQ,0,0,0,0,0,FPKTS
3161,Q5T1H1,EYS,0,0,"CKISP,QTLKI",0,0,"CKISP,PALSI,QTLKI",EIRRI,0,"LSIVP,SIVPS",IAASI,0,TCNQS,LGNPE
1341,Q5VYP0,S31A3,0,0,0,0,"ELRRQ,SKKKS",0,0,0,0,0,ASVPA,0,0
949,Q60I27,AL2CL,0,SRARI,0,SRARI,"VSRAR,SRARI",0,0,LHSLQ,0,0,0,KGKVT,0
121,Q6A555,TXND8,0,0,0,0,0,VQIIK,0,0,0,0,0,0,0
327,Q6E213,AWAT2,0,KKDLK,0,0,0,SGFVR,0,0,0,0,0,0,0
245,Q6IC83,CV042,0,0,0,0,0,0,0,0,"ASTTA,STTAK",0,0,0,0
182,Q6JVE6,LCN10,0,0,0,0,0,0,0,VSSFQ,0,0,VSSFQ,0,0
498,Q6P597,KLC3,0,0,0,0,0,LSPEE,"AAGAA,AAGAA",0,0,0,0,0,0
368,Q6P6B1,ERIC5,0,0,0,0,0,KDAGA,0,0,0,0,0,0,0
827,Q6ZMV5,P4R3C,0,0,SGSSV,SDEPE,0,SGSSV,0,"GEAVM,GEAVM",0,0,0,0,0
1573,Q6ZQQ2,S31D1,0,0,"VSPLA,ELVRK,RRLIQ",0,0,"VSPLA,ELVRK,RRLIQ",AAFTG,KFEEI,0,0,0,0,0
3086,Q6ZR08,DYH12,0,0,0,0,"GPLPE,LQLFI",0,"RGKLS,TELKL",0,0,0,0,KILKI,EQLSS
467,Q7RTX7,CTSR4,0,0,QLLRH,0,0,QLLRH,0,0,0,0,0,0,NIPSI
713,Q86UG4,SO6A1,0,0,0,LRSLA,0,0,TRVVP,0,0,0,0,ISLIL,"LLCAF,GDFID"
597,Q86VL8,S47A2,0,0,LMSQS,0,0,LMSQS,0,0,VLSIV,0,0,0,0
4240,Q86WI1,PKHL1,0,0,"HSTQI,TSGRQ,VAGGT",0,"ASLSP,LNLGQ,STVLG","HSTQI,GEKAN,TSGRQ,VAGGT",0,0,0,0,"TVRVS,KMTIA,MTIAS,TIASV",NVVAG,GNLIA
792,Q86XM0,CTSRD,0,0,0,0,QRGIL,0,0,SSEDL,0,0,0,0,0
513,Q86Y33,CD20B,0,0,0,0,DGTAS,0,0,0,0,0,0,0,"ETSNS,TGLRN"
547,Q8IUX8,EGFL6,0,0,0,0,AERGK,0,0,0,0,0,0,0,VLLVS
580,Q8IWD5,MFS6L,0,0,0,0,0,0,0,0,LASTT,0,0,0,0
181,Q8IX19,MCEM1,0,0,0,0,0,0,0,0,0,0,DRLET,0,0
888,Q8IYM0,F186B,0,0,TSESQ,0,0,TSESQ,0,0,0,0,0,0,ENLNK
431,Q8N4T0,CBPA6,0,0,0,0,0,RYGPA,0,0,0,0,0,0,0
408,Q8NA57,CL050,0,0,0,EGIPL,0,0,0,0,0,0,0,0,0
307,Q8NGB6,OR4M2,0,0,0,0,0,0,0,0,0,0,0,0,FLDIW
538,Q8TCC7,S22A8,0,0,"SSSFS,MVSPL",0,0,"SSSFS,MVSPL",0,0,0,0,LIGGL,0,0
258,Q8WUE5,CT55,0,0,0,0,0,0,0,LLEVE,0,0,0,0,0
527,Q8WWV6,FCAMR,0,0,SSVKR,ESSVK,0,SSVKR,0,0,0,0,VSETL,0,0
14518,Q8WXI7,MUC16,0,"TRLFT,AICTH,AICTH,AICTH,AICTH,AICTH,AICTH,AICTH,AICTH","TSGRQ,LTSES,LTSES,RISSS,ISSSF,PLAVT,ILTSE,SSSFS","NSFLT,LEPGT,SLPPN,PNFSS,TRLFT,GRRKT,SLPPN,TAEVS,TAEVS,SDEPE,EAESS,AICTH,AICTH,AICTH,AICTH,AICTH,AICTH,AICTH,AICTH","TTNTE,TNTET,TASLS,ASLSP,TNTET,TTNTE,STTFP,AISTT,STTFP","TSGRQ,LTSES,LTSES,RISSS,ISSSF,PLAVT,DVLGT,ILTSE,QGTEK,SSSMM,SSSFS,ELSNL","SSTLE,STLEL,TSPIV,KATSP,VPSFD,KATSP,KATSP,PEDVS,KATSP,PEDVS,PEDVS,STLPR,TIMAA",0,"SSAGL,VTTTN,THPSS,HPSSS",STEGV,0,"LPFSI,ISGPD,SSFSV,LTGNS","STVAS,SSVSS,DTVDT,SSVSS,PKTSS,TVASS"
296,Q969I3,GLYL1,0,0,0,0,LARSI,0,0,0,0,0,0,0,0
1280,Q96KN7,RPGR1,TPVSL,0,0,0,0,0,0,0,0,0,LKEES,VELIR,0
446,Q96LP2,FA81B,0,0,0,SLQQI,DGPLP,0,0,0,0,RLFFK,0,0,0
563,Q9BXB7,SPT16,0,0,0,LLQSL,0,0,0,0,0,0,0,0,0
279,Q9BXJ5,C1QT2,0,0,0,PWVLL,0,0,0,0,0,0,0,0,0
254,Q9BXT2,CCG6,0,0,0,0,0,0,0,0,0,0,0,FWVEL,LLVSL
1174,Q9BXT4,TDRD1,SLRSP,0,0,LAELQ,0,ESVLV,0,0,0,0,0,GSKGD,SENGT
1602,Q9C0I4,THS7B,0,0,0,ELRSL,IQTRR,0,0,0,0,0,0,0,0
572,Q9NPH5,NOX4,0,0,0,"CRTLL,RTLLA",SILNT,0,0,0,0,0,0,0,0
381,Q9NY43,BARH2,0,0,0,0,SPGMM,0,0,0,0,0,0,0,0
415,Q9UI42,CBPA4,0,0,0,0,0,0,SRNPG,0,0,0,0,SGSSI,0
271,Q9UKR3,KLK13,0,0,0,TNGTS,0,0,0,0,0,0,0,0,0
259,Q9UKW6,ELF5,0,0,0,0,0,"LLSPE,LSPEE",0,0,0,0,0,0,0
347,Q9Y2M2,SSUH2,0,0,0,0,SQRGI,0,0,0,0,0,0,0,0
791,Q9Y345,SC6A5,0,0,0,0,0,AAAPP,0,0,0,0,TLGLD,0,0
90286,total,,3.0,17.0,31.0,42.0,40.0,52.0,31.0,7.0,17.0,7.0,15.0,24.0,40.0
